Electrical Engineering,Electrical/Electronic Manufacturing Professional,0,Electrical/Electronic Manufacturing Professional,1276
Electrical Engineering,Electronic Assembler,0,Electrical/Electronic Manufacturing Professional,65
Electrical Engineering,Credit Controller,1,Electrical/Electronic Manufacturing Professional,59
Electrical Engineering,PAT Tester,0,Electrical/Electronic Manufacturing Professional,58
Electrical Engineering,Production Operator,1,Electrical/Electronic Manufacturing Professional,38
Electrical Engineering,Installation Engineer,1,Electrical/Electronic Manufacturing Professional,31
Electrical Engineering,Specialist,1,Electrical/Electronic Manufacturing Professional,27
Electrical Engineering,Electrician,1,Electrician,1009
Electrical Engineering,Electrical Contractor,1,Electrician,111
Electrical Engineering,Electrical Technician,1,Electrician,39
Electrical Engineering,Electrical,1,Electrician,39
Electrical Engineering,Electrical Supervisor,1,Electrician,36
Electrical Engineering,Maintenance Engineer,1,Electrician,34
Electrical Engineering,Electrican,1,Electrician,29
Electrical Engineering,Cable Jointer,1,Electrician,19
Electrical Engineering,Fire Alarm Engineer,1,Electrician,18
Electrical Engineering,Qualified Supervisor,1,Electrician,11
Electrical Engineering,Electrical Engineer,1,Electrical Engineer,506
Electrical Engineering,Project Engineer,1,Electrical Engineer,160
Electrical Engineering,Controls Engineer,1,Electrical Engineer,58
Electrical Engineering,Commissioning Engineer,1,Electrical Engineer,45
Electrical Engineering,Electrical Design Engineer,1,Electrical Engineer,16
Electrical Engineering,Engineer,1,Engineer,496
Electrical Engineering,Development Engineer,1,Engineer,101
Electrical Engineering,Customer Support Engineer,1,Engineer,17
Electrical Engineering,Test Development Engineer,1,Engineer,13
Electrical Engineering,Service Engineer,1,Service Engineer,206
Electrical Engineering,Technician,1,Service Engineer,98
Electrical Engineering,Electronics Technician,1,Service Engineer,55
Electrical Engineering,Field Service Engineer,1,Service Engineer,53
Electrical Engineering,Test Technician,1,Service Engineer,32
Electrical Engineering,Electricians mate,1,Service Engineer,28
Electrical Engineering,Repair Technician,1,Service Engineer,17
Electrical Engineering,Electrical/Electronic Engineer,0,Electrical/Electronic Engineer,299
Electrical Engineering,Electronics,0,Electrical/Electronic Engineer,123
Electrical Engineering,Graduate Electrical Engineer,1,Electrical/Electronic Engineer,27
Electrical Engineering,Independent Electrical/Electronic Manufacturing Professional,0,Independent Electrical/Electronic Manufacturing Professional,422
Electrical Engineering,Application Engineer,1,Application Engineer,133
Electrical Engineering,Principal Engineer,1,Application Engineer,121
Electrical Engineering,Field Application Engineer,0,Application Engineer,76
Electrical Engineering,Semiconductor Professional,0,Application Engineer,61
Electrical Engineering,Design Engineer,1,Design Engineer,335
Electrical Engineering,Consultant Engineer,1,Design Engineer,34
Electrical Engineering,Production Engineer,1,Production Engineer,154
Electrical Engineering,Process Engineer,1,Production Engineer,60
Electrical Engineering,Manufacturing Engineer,1,Production Engineer,53
Electrical Engineering,electrition,0,Production Engineer,47
Electrical Engineering,Manufacturing Manager,1,Production Engineer,39
Electrical Engineering,Assembly Operator,1,Production Engineer,13
Electrical Engineering,Electronics Engineer,1,Electronics Engineer,311
Electrical Engineering,Electronic Design Engineer,1,Electronics Engineer,44
Electrical Engineering,Equipment Engineer,0,Equipment Engineer,339
Electrical Engineering,Consumer Electronics Professional,0,Consumer Electronics Professional,293
Electrical Engineering,Engineering Manager,1,Engineering Manager,168
Electrical Engineering,Technical Director,1,Engineering Manager,94
Electrical Engineering,Technical Manager,1,Technical Manager,155
Electrical Engineering,Lighting Engineer,1,Technical Manager,21
Electrical Engineering,Product Marketing Manager,1,Technical Manager,21
Electrical Engineering,Technical Sales Engineer,1,Technical Manager,17
Electrical Engineering,Hardware Design Engineer,0,Hardware Design Engineer,135
Electrical Engineering,Hardware Engineer,1,Hardware Design Engineer,56
Electrical Engineering,Electrical Test Engineer,0,Electrical Test Engineer,85
Electrical Engineering,sparky,0,Electrical Test Engineer,63
Electrical Engineering,Approved Electrician,1,Electrical Test Engineer,34
Electrical Engineering,Quality Manager,1,Quality Manager,83
Electrical Engineering,Quality Engineer,1,Quality Manager,67
Electrical Engineering,Operations Director,1,Operations Director,87
Electrical Engineering,Supply Chain Manager,1,Operations Director,46
Electrical Engineering,Manufacturing,1,Operations Director,12
Electrical Engineering,Independent Consumer Electronics Professional,0,Independent Consumer Electronics Professional,139
