Mechanical Engineering,Mechanical Engineer,1,Mechanical Engineer,1481
Mechanical Engineering,Building Services Engineer,1,Mechanical Engineer,36
Mechanical Engineering,Service Engineer,1,Service Engineer,492
Mechanical Engineering,Mechanical Fitter,1,Service Engineer,128
Mechanical Engineering,Maintenance Engineer,1,Service Engineer,120
Mechanical Engineering,Technician,1,Service Engineer,92
Mechanical Engineering,Field Service Engineer,1,Service Engineer,83
Mechanical Engineering,Refrigeration Engineer,1,Service Engineer,69
Mechanical Engineering,Lift Engineer,1,Service Engineer,69
Mechanical Engineering,Commissioning Engineer,1,Service Engineer,69
Mechanical Engineering,Mechanical Technician,1,Service Engineer,54
Mechanical Engineering,Service Technician,1,Service Engineer,48
Mechanical Engineering,Engineering Technician,1,Service Engineer,47
Mechanical Engineering,Mechanical Supervisor,1,Service Engineer,39
Mechanical Engineering,Maintenance Technician,1,Service Engineer,30
Mechanical Engineering,Installation Engineer,1,Service Engineer,29
Mechanical Engineering,Air Conditioning Engineer,1,Service Engineer,29
Mechanical Engineering,Engineer Surveyor,1,Service Engineer,27
Mechanical Engineering,HVAC Engineer,1,Service Engineer,25
Mechanical Engineering,Maintenance Supervisor,1,Service Engineer,22
Mechanical Engineering,Maintenance Fitter,1,Service Engineer,21
Mechanical Engineering,Foreman,1,Service Engineer,18
Mechanical Engineering,Engineer,1,Engineer,779
Mechanical Engineering,Production Engineer,1,Engineer,184
Mechanical Engineering,Application Engineer,1,Engineer,140
Mechanical Engineering,Precision Engineer,0,Engineer,96
Mechanical Engineering,Consultant Engineer,1,Engineer,89
Mechanical Engineering,Engineering Consultant,1,Engineer,89
Mechanical Engineering,Electronics Engineer,1,Engineer,35
Mechanical Engineering,Hydraulic Engineer,1,Engineer,21
Mechanical Engineering,Mechanical or Industrial Engineering Professional,0,Mechanical or Industrial Engineering Professional,1223
Mechanical Engineering,CAD Technician,1,Mechanical or Industrial Engineering Professional,29
Mechanical Engineering,Engineering Apprentice,1,Mechanical or Industrial Engineering Professional,26
Mechanical Engineering,Industrial Engineer,1,Industrial Engineer,638
Mechanical Engineering,Machine Operator,1,Industrial Engineer,94
Mechanical Engineering,Fitter,1,Industrial Engineer,74
Mechanical Engineering,Financial Controller,1,Industrial Engineer,71
Mechanical Engineering,Service Coordinator,1,Industrial Engineer,47
Mechanical Engineering,Machine Setter,1,Industrial Engineer,21
Mechanical Engineering,Design Engineer,1,Design Engineer,699
Mechanical Engineering,Development Engineer,1,Design Engineer,125
Mechanical Engineering,Research Engineer,1,Design Engineer,60
Mechanical Engineering,Assembler,1,Design Engineer,19
Mechanical Engineering,Product Development Engineer,1,Design Engineer,16
Mechanical Engineering,Research and Development Engineer,1,Design Engineer,15
Mechanical Engineering,CNC Programmer,0,CNC Programmer,367
Mechanical Engineering,CNC Setter/Operator,0,CNC Programmer,130
Mechanical Engineering,CNC Turner,0,CNC Programmer,76
Mechanical Engineering,CNC Miller,0,CNC Programmer,69
Mechanical Engineering,CNC Machinist,1,CNC Programmer,66
Mechanical Engineering,CNC Operator,1,CNC Programmer,56
Mechanical Engineering,Toolmaker,1,CNC Programmer,48
Mechanical Engineering,CNC Setter,1,CNC Programmer,45
Mechanical Engineering,Machinist,1,CNC Programmer,36
Mechanical Engineering,cnc,1,CNC Programmer,15
Mechanical Engineering,Project Engineer,1,Project Engineer,518
Mechanical Engineering,Principal Engineer,1,Project Engineer,89
Mechanical Engineering,Contracts Engineer,1,Project Engineer,62
Mechanical Engineering,Proposals Engineer,1,Project Engineer,18
Mechanical Engineering,Mechanical Project Manager,1,Project Engineer,16
Mechanical Engineering,Graduate Mechanical Engineer,0,Graduate Mechanical Engineer,415
Mechanical Engineering,Mechanical Engineering Student,0,Graduate Mechanical Engineer,222
Mechanical Engineering,Mechanical Designer,1,Mechanical Designer,206
Mechanical Engineering,Mechanical/Design Engineer,1,Mechanical Designer,168
Mechanical Engineering,CAD Engineer,1,Mechanical Designer,41
Mechanical Engineering,CAD Designer,1,Mechanical Designer,30
Mechanical Engineering,Draughtsman,1,Mechanical Designer,24
Mechanical Engineering,Design Draughtsman,1,Mechanical Designer,21
Mechanical Engineering,Engineering Manager,1,Engineering Manager,291
Mechanical Engineering,Engineering Director,1,Engineering Manager,86
Mechanical Engineering,Workshop Manager,1,Engineering Manager,53
Mechanical Engineering,Production Engineering Manager,1,Engineering Manager,19
Mechanical Engineering,Maintenance,1,Engineering Manager,19
Mechanical Engineering,Manufacturing,1,Engineering Manager,16
Mechanical Engineering,Sales Engineer,1,Sales Engineer,395
Mechanical Engineering,Technical Sales Engineer,1,Sales Engineer,70
Mechanical Engineering,Manufacturing Engineer,1,Manufacturing Engineer,171
Mechanical Engineering,Quality Engineer,1,Manufacturing Engineer,125
Mechanical Engineering,Process Engineer,1,Manufacturing Engineer,102
Mechanical Engineering,Quality Control,1,Manufacturing Engineer,45
Mechanical Engineering,Quality Technician,1,Manufacturing Engineer,19
Mechanical Engineering,Welder,1,Welder,103
Mechanical Engineering,Welder/Fabricator,1,Welder,83
Mechanical Engineering,Fabricator/Welder,1,Welder,83
Mechanical Engineering,Plumber,1,Welder,54
Mechanical Engineering,Pipefitter,1,Welder,36
Mechanical Engineering,Fabricator,1,Welder,34
Mechanical Engineering,Sheet Metal Worker,1,Welder,16
Mechanical Engineering,Plater,1,Welder,16
Mechanical Engineering,Independent Mechanical or Industrial Engineering Professional,0,Independent Mechanical or Industrial Engineering Professional,387
Mechanical Engineering,Industrial Automation Professional,0,Industrial Automation Professional,138
Mechanical Engineering,Controls Engineer,1,Industrial Automation Professional,123
Mechanical Engineering,Control Systems Engineer,1,Industrial Automation Professional,39
Mechanical Engineering,Automation Engineer,1,Industrial Automation Professional,37
Mechanical Engineering,Independent Industrial Automation Professional,0,Industrial Automation Professional,37
Mechanical Engineering,Purchasing Manager,1,Purchasing Manager,80
Mechanical Engineering,Works Manager,1,Purchasing Manager,71
Mechanical Engineering,Manufacturing Manager,1,Purchasing Manager,46
Mechanical Engineering,Parts Manager,1,Purchasing Manager,40
Mechanical Engineering,Production Director,1,Purchasing Manager,28
Mechanical Engineering,Production Planner,1,Purchasing Manager,26
Mechanical Engineering,Production Supervisor,1,Purchasing Manager,25
Mechanical Engineering,Service Centre Manager,1,Purchasing Manager,14
Mechanical Engineering,Electrical Engineer,1,Electrical Engineer,173
Mechanical Engineering,Electrician,1,Electrical Engineer,91
Mechanical Engineering,Electrical and Mechanical Engineer,1,Electrical Engineer,19
Mechanical Engineering,Mechanic,1,Mechanic,202
Mechanical Engineering,Vehicle Technician,1,Mechanic,57
Mechanical Engineering,motor mechanic,1,Mechanic,21
Mechanical Engineering,Machinery Professional,0,Machinery Professional,181
Mechanical Engineering,Independent Machinery Professional,0,Machinery Professional,73
