title,en,Mechanical Engineering,Mechanical Engineer,Mechanical Engineer
title,en,Mechanical Engineering,Building Services Engineer,Mechanical Engineer
title,en,Mechanical Engineering,Service Engineer,Service Engineer
title,en,Mechanical Engineering,Mechanical Fitter,Service Engineer
title,en,Mechanical Engineering,Maintenance Engineer,Service Engineer
title,en,Mechanical Engineering,Technician,Service Engineer
title,en,Mechanical Engineering,Field Service Engineer,Service Engineer
title,en,Mechanical Engineering,Refrigeration Engineer,Service Engineer
title,en,Mechanical Engineering,Lift Engineer,Service Engineer
title,en,Mechanical Engineering,Commissioning Engineer,Service Engineer
title,en,Mechanical Engineering,Mechanical Technician,Service Engineer
title,en,Mechanical Engineering,Service Technician,Service Engineer
title,en,Mechanical Engineering,Engineering Technician,Service Engineer
title,en,Mechanical Engineering,Mechanical Supervisor,Service Engineer
title,en,Mechanical Engineering,Maintenance Technician,Service Engineer
title,en,Mechanical Engineering,Installation Engineer,Service Engineer
title,en,Mechanical Engineering,Air Conditioning Engineer,Service Engineer
title,en,Mechanical Engineering,Engineer Surveyor,Service Engineer
title,en,Mechanical Engineering,HVAC Engineer,Service Engineer
title,en,Mechanical Engineering,Maintenance Supervisor,Service Engineer
title,en,Mechanical Engineering,Maintenance Fitter,Service Engineer
title,en,Mechanical Engineering,Foreman,Service Engineer
title,en,Mechanical Engineering,Engineer,Engineer
title,en,Mechanical Engineering,Production Engineer,Engineer
title,en,Mechanical Engineering,Application Engineer,Engineer
title,en,,Precision Engineer,Engineer
title,en,Mechanical Engineering,Consultant Engineer,Engineer
title,en,Mechanical Engineering,Engineering Consultant,Engineer
title,en,Mechanical Engineering,Electronics Engineer,Engineer
title,en,Mechanical Engineering,Hydraulic Engineer,Engineer
title,en,,Mechanical or Industrial Engineering Professional,Mechanical or Industrial Engineering Professional
title,en,Mechanical Engineering,CAD Technician,Mechanical or Industrial Engineering Professional
title,en,Mechanical Engineering,Engineering Apprentice,Mechanical or Industrial Engineering Professional
title,en,Mechanical Engineering,Industrial Engineer,Industrial Engineer
title,en,Mechanical Engineering,Machine Operator,Industrial Engineer
title,en,Mechanical Engineering,Fitter,Industrial Engineer
title,en,Mechanical Engineering,Financial Controller,Industrial Engineer
title,en,Mechanical Engineering,Service Coordinator,Industrial Engineer
title,en,Mechanical Engineering,Machine Setter,Industrial Engineer
title,en,Mechanical Engineering,Design Engineer,Design Engineer
title,en,Mechanical Engineering,Development Engineer,Design Engineer
title,en,Mechanical Engineering,Research Engineer,Design Engineer
title,en,Mechanical Engineering,Assembler,Design Engineer
title,en,Mechanical Engineering,Product Development Engineer,Design Engineer
title,en,Mechanical Engineering,Research and Development Engineer,Design Engineer
title,en,,CNC Programmer,CNC Programmer
title,en,,CNC Setter/Operator,CNC Programmer
title,en,,CNC Turner,CNC Programmer
title,en,,CNC Miller,CNC Programmer
title,en,Mechanical Engineering,CNC Machinist,CNC Programmer
title,en,Mechanical Engineering,CNC Operator,CNC Programmer
title,en,Mechanical Engineering,Toolmaker,CNC Programmer
title,en,Mechanical Engineering,CNC Setter,CNC Programmer
title,en,Mechanical Engineering,Machinist,CNC Programmer
title,en,Mechanical Engineering,cnc,CNC Programmer
title,en,Mechanical Engineering,Project Engineer,Project Engineer
title,en,Mechanical Engineering,Principal Engineer,Project Engineer
title,en,Mechanical Engineering,Contracts Engineer,Project Engineer
title,en,Mechanical Engineering,Proposals Engineer,Project Engineer
title,en,Mechanical Engineering,Mechanical Project Manager,Project Engineer
title,en,,Graduate Mechanical Engineer,Graduate Mechanical Engineer
title,en,,Mechanical Engineering Student,Graduate Mechanical Engineer
title,en,Mechanical Engineering,Mechanical Designer,Mechanical Designer
title,en,Mechanical Engineering,Mechanical/Design Engineer,Mechanical Designer
title,en,Mechanical Engineering,CAD Engineer,Mechanical Designer
title,en,Mechanical Engineering,CAD Designer,Mechanical Designer
title,en,Mechanical Engineering,Draughtsman,Mechanical Designer
title,en,Mechanical Engineering,Design Draughtsman,Mechanical Designer
title,en,Mechanical Engineering,Engineering Manager,Engineering Manager
title,en,Mechanical Engineering,Engineering Director,Engineering Manager
title,en,Mechanical Engineering,Workshop Manager,Engineering Manager
title,en,Mechanical Engineering,Production Engineering Manager,Engineering Manager
title,en,Mechanical Engineering,Maintenance,Engineering Manager
title,en,Mechanical Engineering,Manufacturing,Engineering Manager
title,en,Mechanical Engineering,Sales Engineer,Sales Engineer
title,en,Mechanical Engineering,Technical Sales Engineer,Sales Engineer
title,en,Mechanical Engineering,Manufacturing Engineer,Manufacturing Engineer
title,en,Mechanical Engineering,Quality Engineer,Manufacturing Engineer
title,en,Mechanical Engineering,Process Engineer,Manufacturing Engineer
title,en,Mechanical Engineering,Quality Control,Manufacturing Engineer
title,en,Mechanical Engineering,Quality Technician,Manufacturing Engineer
title,en,Mechanical Engineering,Welder,Welder
title,en,Mechanical Engineering,Welder/Fabricator,Welder
title,en,Mechanical Engineering,Fabricator/Welder,Welder
title,en,Mechanical Engineering,Plumber,Welder
title,en,Mechanical Engineering,Pipefitter,Welder
title,en,Mechanical Engineering,Fabricator,Welder
title,en,Mechanical Engineering,Sheet Metal Worker,Welder
title,en,Mechanical Engineering,Plater,Welder
title,en,,Independent Mechanical or Industrial Engineering Professional,Independent Mechanical or Industrial Engineering Professional
title,en,,Industrial Automation Professional,Industrial Automation Professional
title,en,Mechanical Engineering,Controls Engineer,Industrial Automation Professional
title,en,Mechanical Engineering,Control Systems Engineer,Industrial Automation Professional
title,en,Mechanical Engineering,Automation Engineer,Industrial Automation Professional
title,en,,Independent Industrial Automation Professional,Industrial Automation Professional
title,en,Mechanical Engineering,Purchasing Manager,Purchasing Manager
title,en,Mechanical Engineering,Works Manager,Purchasing Manager
title,en,Mechanical Engineering,Manufacturing Manager,Purchasing Manager
title,en,Mechanical Engineering,Parts Manager,Purchasing Manager
title,en,Mechanical Engineering,Production Director,Purchasing Manager
title,en,Mechanical Engineering,Production Planner,Purchasing Manager
title,en,Mechanical Engineering,Production Supervisor,Purchasing Manager
title,en,Mechanical Engineering,Service Centre Manager,Purchasing Manager
title,en,Mechanical Engineering,Electrical Engineer,Electrical Engineer
title,en,Mechanical Engineering,Electrician,Electrical Engineer
title,en,Mechanical Engineering,Electrical and Mechanical Engineer,Electrical Engineer
title,en,Mechanical Engineering,Mechanic,Mechanic
title,en,Mechanical Engineering,Vehicle Technician,Mechanic
title,en,Mechanical Engineering,motor mechanic,Mechanic
title,en,,Machinery Professional,Machinery Professional
title,en,,Independent Machinery Professional,Machinery Professional
