title,en,,Electrical/Electronic Manufacturing Professional,Electrical/Electronic Manufacturing Professional
title,en,,Electronic Assembler,Electrical/Electronic Manufacturing Professional
title,en,Electrical Engineering,Credit Controller,Electrical/Electronic Manufacturing Professional
title,en,,PAT Tester,Electrical/Electronic Manufacturing Professional
title,en,Electrical Engineering,Production Operator,Electrical/Electronic Manufacturing Professional
title,en,Electrical Engineering,Installation Engineer,Electrical/Electronic Manufacturing Professional
title,en,Electrical Engineering,Specialist,Electrical/Electronic Manufacturing Professional
title,en,Electrical Engineering,Electrician,Electrician
title,en,Electrical Engineering,Electrical Contractor,Electrician
title,en,Electrical Engineering,Electrical Technician,Electrician
title,en,Electrical Engineering,Electrical,Electrician
title,en,Electrical Engineering,Electrical Supervisor,Electrician
title,en,Electrical Engineering,Maintenance Engineer,Electrician
title,en,Electrical Engineering,Electrican,Electrician
title,en,Electrical Engineering,Cable Jointer,Electrician
title,en,Electrical Engineering,Fire Alarm Engineer,Electrician
title,en,Electrical Engineering,Qualified Supervisor,Electrician
title,en,Electrical Engineering,Electrical Engineer,Electrical Engineer
title,en,Electrical Engineering,Project Engineer,Electrical Engineer
title,en,Electrical Engineering,Controls Engineer,Electrical Engineer
title,en,Electrical Engineering,Commissioning Engineer,Electrical Engineer
title,en,Electrical Engineering,Electrical Design Engineer,Electrical Engineer
title,en,Electrical Engineering,Engineer,Engineer
title,en,Electrical Engineering,Development Engineer,Engineer
title,en,Electrical Engineering,Customer Support Engineer,Engineer
title,en,Electrical Engineering,Test Development Engineer,Engineer
title,en,Electrical Engineering,Service Engineer,Service Engineer
title,en,Electrical Engineering,Technician,Service Engineer
title,en,Electrical Engineering,Electronics Technician,Service Engineer
title,en,Electrical Engineering,Field Service Engineer,Service Engineer
title,en,Electrical Engineering,Test Technician,Service Engineer
title,en,Electrical Engineering,Electricians mate,Service Engineer
title,en,Electrical Engineering,Repair Technician,Service Engineer
title,en,,Electrical/Electronic Engineer,Electrical/Electronic Engineer
title,en,,Electronics,Electrical/Electronic Engineer
title,en,Electrical Engineering,Graduate Electrical Engineer,Electrical/Electronic Engineer
title,en,,Independent Electrical/Electronic Manufacturing Professional,Independent Electrical/Electronic Manufacturing Professional
title,en,Electrical Engineering,Application Engineer,Application Engineer
title,en,Electrical Engineering,Principal Engineer,Application Engineer
title,en,,Field Application Engineer,Application Engineer
title,en,,Semiconductor Professional,Application Engineer
title,en,Electrical Engineering,Design Engineer,Design Engineer
title,en,Electrical Engineering,Consultant Engineer,Design Engineer
title,en,Electrical Engineering,Production Engineer,Production Engineer
title,en,Electrical Engineering,Process Engineer,Production Engineer
title,en,Electrical Engineering,Manufacturing Engineer,Production Engineer
title,en,,electrition,Production Engineer
title,en,Electrical Engineering,Manufacturing Manager,Production Engineer
title,en,Electrical Engineering,Assembly Operator,Production Engineer
title,en,Electrical Engineering,Electronics Engineer,Electronics Engineer
title,en,Electrical Engineering,Electronic Design Engineer,Electronics Engineer
title,en,,Equipment Engineer,Equipment Engineer
title,en,,Consumer Electronics Professional,Consumer Electronics Professional
title,en,Electrical Engineering,Engineering Manager,Engineering Manager
title,en,Electrical Engineering,Technical Director,Engineering Manager
title,en,Electrical Engineering,Technical Manager,Technical Manager
title,en,Electrical Engineering,Lighting Engineer,Technical Manager
title,en,Electrical Engineering,Product Marketing Manager,Technical Manager
title,en,Electrical Engineering,Technical Sales Engineer,Technical Manager
title,en,,Hardware Design Engineer,Hardware Design Engineer
title,en,Electrical Engineering,Hardware Engineer,Hardware Design Engineer
title,en,,Electrical Test Engineer,Electrical Test Engineer
title,en,,sparky,Electrical Test Engineer
title,en,Electrical Engineering,Approved Electrician,Electrical Test Engineer
title,en,Electrical Engineering,Quality Manager,Quality Manager
title,en,Electrical Engineering,Quality Engineer,Quality Manager
title,en,Electrical Engineering,Operations Director,Operations Director
title,en,Electrical Engineering,Supply Chain Manager,Operations Director
title,en,Electrical Engineering,Manufacturing,Operations Director
title,en,,Independent Consumer Electronics Professional,Independent Consumer Electronics Professional
